blade,alpha_deg,converged_iter,Cl,Cd,Cm,res_p,res_Ux,detail_log
blade1_naca0012,0,800,-0.111418918,0.019312707,0.0240277047,2.2962408e-05,2.0213254e-06,iteration_logs/blade1_naca0012_alpha_+0_iterations.csv
blade1_naca0012,-25,450,-1.58582546,0.689483307,0.2026535,0.018164407,0.0035956275,iteration_logs/blade1_naca0012_alpha_-25_iterations.csv
blade1_naca0012,-20,450,-0.929734816,0.413402717,0.188889047,0.019098828,0.0030281616,iteration_logs/blade1_naca0012_alpha_-20_iterations.csv
blade1_naca0012,-15,450,-0.0364043245,0.110129598,-0.0524575576,0.020606798,0.0020742654,iteration_logs/blade1_naca0012_alpha_-15_iterations.csv
blade1_naca0012,-10,450,-1.30409407,0.244319712,0.254569013,0.019215585,0.00090610999,iteration_logs/blade1_naca0012_alpha_-10_iterations.csv
blade1_naca0012,-5,450,-0.486233155,0.0238718641,-0.00701950214,7.186376e-05,8.9957676e-05,iteration_logs/blade1_naca0012_alpha_-5_iterations.csv
blade1_naca0012,5,450,0.281136337,0.0222239666,0.0520261408,4.1299452e-05,4.6893784e-05,iteration_logs/blade1_naca0012_alpha_+5_iterations.csv
blade1_naca0012,10,450,0.69389101,0.134577313,-0.0409328539,0.017442546,0.00058648407,iteration_logs/blade1_naca0012_alpha_+10_iterations.csv
blade1_naca0012,15,450,0.19477249,0.244817198,-0.0592069911,0.018673097,0.0041983112,iteration_logs/blade1_naca0012_alpha_+15_iterations.csv
blade1_naca0012,20,450,0.449206947,0.236120076,-0.00781293473,0.020410906,0.002604839,iteration_logs/blade1_naca0012_alpha_+20_iterations.csv
blade1_naca0012,25,450,1.37663321,0.627678198,-0.134333146,0.01676422,0.0040553492,iteration_logs/blade1_naca0012_alpha_+25_iterations.csv
blade1_naca0012,-40,450,-1.24632433,1.00010131,0.29862528,0.001410608,0.00045348174,iteration_logs/blade1_naca0012_alpha_-40_iterations.csv
blade1_naca0012,-35,450,-1.345963,0.941381348,0.301743921,0.0012388554,0.00048122573,iteration_logs/blade1_naca0012_alpha_-35_iterations.csv
blade1_naca0012,-30,450,-1.67360729,0.889243476,0.261232806,0.00077142882,0.00025285298,iteration_logs/blade1_naca0012_alpha_-30_iterations.csv
blade1_naca0012,30,450,1.5339754,0.829823569,-0.217905901,0.00091107522,0.00036052721,iteration_logs/blade1_naca0012_alpha_+30_iterations.csv
blade1_naca0012,35,450,1.20803224,0.858507139,-0.26058125,0.0009031791,0.00037180705,iteration_logs/blade1_naca0012_alpha_+35_iterations.csv
blade1_naca0012,40,450,1.15728158,0.978945929,-0.267936233,0.00083945335,0.00035519524,iteration_logs/blade1_naca0012_alpha_+40_iterations.csv
blade2_naca0015,0,450,-0.249799628,0.020897329,0.0528430051,5.0300885e-05,8.1112039e-05,iteration_logs/blade2_naca0015_alpha_+0_iterations.csv
blade2_naca0015,-35,450,-1.17801288,0.750918236,0.230616157,0.0014628975,0.00044157348,iteration_logs/blade2_naca0015_alpha_-35_iterations.csv
blade2_naca0015,-30,450,-1.69494478,0.840728253,0.24620421,0.00077320777,0.00028028692,iteration_logs/blade2_naca0015_alpha_-30_iterations.csv
blade2_naca0015,-25,450,-1.77892456,0.66931836,0.202367891,0.0005876106,0.00024860914,iteration_logs/blade2_naca0015_alpha_-25_iterations.csv
blade2_naca0015,-20,450,-0.637714613,0.316809908,0.153642044,0.035274198,0.0034464731,iteration_logs/blade2_naca0015_alpha_-20_iterations.csv
blade2_naca0015,-15,450,-0.482925504,0.17438053,-0.00273354629,0.018159532,0.0023328729,iteration_logs/blade2_naca0015_alpha_-15_iterations.csv
blade2_naca0015,-10,450,-0.763433433,0.0486900083,-0.0174898,0.014481078,0.00033977946,iteration_logs/blade2_naca0015_alpha_-10_iterations.csv
blade2_naca0015,-5,450,-0.472472871,0.0240874128,-0.00936156737,9.0149319e-05,0.0001362671,iteration_logs/blade2_naca0015_alpha_-5_iterations.csv
blade2_naca0015,5,450,0.129160077,0.0227131395,0.0826531628,4.6925418e-05,4.7938966e-05,iteration_logs/blade2_naca0015_alpha_+5_iterations.csv
blade2_naca0015,10,450,0.472031614,0.0381717926,0.0923895843,0.00072671561,0.0001073252,iteration_logs/blade2_naca0015_alpha_+10_iterations.csv
blade2_naca0015,15,450,-0.0214362585,0.154933553,0.0912326204,0.041944001,0.005602864,iteration_logs/blade2_naca0015_alpha_+15_iterations.csv
blade2_naca0015,20,450,0.457124765,0.309288351,-0.110731685,0.033469949,0.0043653427,iteration_logs/blade2_naca0015_alpha_+20_iterations.csv
blade2_naca0015,25,450,1.58200706,0.616767708,-0.152007577,0.00057136215,0.00025026224,iteration_logs/blade2_naca0015_alpha_+25_iterations.csv
blade2_naca0015,30,450,1.51469295,0.773793473,-0.191861448,0.0008513652,0.00030818698,iteration_logs/blade2_naca0015_alpha_+30_iterations.csv
blade2_naca0015,35,450,1.10194764,0.758802161,-0.206778731,0.0011973043,0.00040229965,iteration_logs/blade2_naca0015_alpha_+35_iterations.csv
blade2_naca0015,40,450,1.18490673,0.944999184,-0.231586329,0.0013247777,0.00037349167,iteration_logs/blade2_naca0015_alpha_+40_iterations.csv
blade2_naca0015,-40,450,-1.33250692,1.00255173,0.271157626,0.0010417578,0.00048696585,iteration_logs/blade2_naca0015_alpha_-40_iterations.csv
blade3_naca0018,0,450,-2.38433902e-05,0.0225836885,7.57147936e-06,2.7455665e-05,3.5823814e-05,iteration_logs/blade3_naca0018_alpha_+0_iterations.csv
blade3_naca0018,-40,450,-1.27456171,0.932809362,0.239556814,0.00059814849,0.00034286505,iteration_logs/blade3_naca0018_alpha_-40_iterations.csv
blade3_naca0018,-35,450,-1.09651628,0.694593389,0.181917047,0.0014715151,0.00047656584,iteration_logs/blade3_naca0018_alpha_-35_iterations.csv
blade3_naca0018,-30,450,-1.45684566,0.730786347,0.225251093,0.0013388635,0.0005402938,iteration_logs/blade3_naca0018_alpha_-30_iterations.csv
blade3_naca0018,-25,450,-1.66262598,0.568315983,0.165938209,0.00049431921,0.00026470574,iteration_logs/blade3_naca0018_alpha_-25_iterations.csv
blade3_naca0018,-20,450,-0.85922202,0.462176755,0.21950458,0.29959855,0.012957781,iteration_logs/blade3_naca0018_alpha_-20_iterations.csv
blade3_naca0018,-15,450,-0.809432174,0.249973882,0.148501551,0.16723902,0.0092808376,iteration_logs/blade3_naca0018_alpha_-15_iterations.csv
blade3_naca0018,-10,450,-0.586803652,0.0408245892,-0.0604154153,0.017099496,0.00044469241,iteration_logs/blade3_naca0018_alpha_-10_iterations.csv
blade3_naca0018,-5,450,-0.307870461,0.0252172071,-0.0399971844,4.8045917e-05,8.4474228e-05,iteration_logs/blade3_naca0018_alpha_-5_iterations.csv
blade3_naca0018,5,450,0.307946177,0.0252224158,0.0399687706,4.6452734e-05,8.1103335e-05,iteration_logs/blade3_naca0018_alpha_+5_iterations.csv
blade3_naca0018,10,450,0.589601253,0.0408468719,0.0589768206,0.017847093,0.00043470352,iteration_logs/blade3_naca0018_alpha_+10_iterations.csv
blade3_naca0018,15,450,0.140165562,0.229616931,-0.0197138193,0.050447978,0.0057104177,iteration_logs/blade3_naca0018_alpha_+15_iterations.csv
blade3_naca0018,20,450,0.831312312,0.445388086,-0.20784738,0.29544209,0.012534309,iteration_logs/blade3_naca0018_alpha_+20_iterations.csv
blade3_naca0018,25,450,1.66313464,0.568312361,-0.165623861,0.00046977583,0.00026446912,iteration_logs/blade3_naca0018_alpha_+25_iterations.csv
blade3_naca0018,30,450,1.45123392,0.724992263,-0.221142495,0.0013139718,0.00053110286,iteration_logs/blade3_naca0018_alpha_+30_iterations.csv
blade3_naca0018,35,450,1.10933822,0.688704116,-0.179251457,0.0013505737,0.00045795155,iteration_logs/blade3_naca0018_alpha_+35_iterations.csv
blade3_naca0018,40,450,1.22723946,0.872057366,-0.219064423,0.0010556201,0.00043292254,iteration_logs/blade3_naca0018_alpha_+40_iterations.csv
blade4_naca63012,0,450,-5.44675036e-05,0.01883866,4.32735983e-06,2.2595584e-05,1.832218e-05,iteration_logs/blade4_naca63012_alpha_+0_iterations.csv
blade4_naca63012,-40,450,-1.27406489,1.10089999,0.320348844,0.00089901639,0.00038956546,iteration_logs/blade4_naca63012_alpha_-40_iterations.csv
blade4_naca63012,-35,450,-1.24246073,0.88874292,0.282513164,0.0012800372,0.0003995634,iteration_logs/blade4_naca63012_alpha_-35_iterations.csv
blade4_naca63012,-30,450,-1.63104773,0.906021374,0.260505314,0.00090660496,0.00031653228,iteration_logs/blade4_naca63012_alpha_-30_iterations.csv
blade4_naca63012,-25,450,-1.74221748,0.754035103,0.217700288,0.00070615756,0.0002386469,iteration_logs/blade4_naca63012_alpha_-25_iterations.csv
blade4_naca63012,-20,450,-1.03845209,0.352312776,0.0569250696,0.049548923,0.0063368273,iteration_logs/blade4_naca63012_alpha_-20_iterations.csv
blade4_naca63012,-15,450,-0.143635709,0.0639045938,-0.0331792172,0.22175241,0.011006887,iteration_logs/blade4_naca63012_alpha_-15_iterations.csv
blade4_naca63012,-10,450,-1.3425401,0.305135002,0.340345035,0.014346312,0.0013197018,iteration_logs/blade4_naca63012_alpha_-10_iterations.csv
blade4_naca63012,-5,450,-0.450725648,0.0251766046,-0.0100265039,5.3420648e-05,4.4698963e-05,iteration_logs/blade4_naca63012_alpha_-5_iterations.csv
blade4_naca63012,5,450,0.450693071,0.0251733687,0.0100317281,4.8747794e-05,4.5129371e-05,iteration_logs/blade4_naca63012_alpha_+5_iterations.csv
blade4_naca63012,10,450,1.32916532,0.301807517,-0.333396457,0.014712831,0.0013517559,iteration_logs/blade4_naca63012_alpha_+10_iterations.csv
blade4_naca63012,15,450,0.205234859,0.0833824328,0.00965044941,0.21672394,0.011196546,iteration_logs/blade4_naca63012_alpha_+15_iterations.csv
blade4_naca63012,20,450,1.01767539,0.348906537,-0.0605756419,0.048535057,0.0063738649,iteration_logs/blade4_naca63012_alpha_+20_iterations.csv
blade4_naca63012,25,450,1.74277316,0.754229288,-0.217573578,0.00068045411,0.00023850403,iteration_logs/blade4_naca63012_alpha_+25_iterations.csv
blade4_naca63012,30,450,1.63077053,0.906605488,-0.260694413,0.00092276517,0.00032745092,iteration_logs/blade4_naca63012_alpha_+30_iterations.csv
blade4_naca63012,35,450,1.24557942,0.89093096,-0.28377319,0.0012796482,0.00039911346,iteration_logs/blade4_naca63012_alpha_+35_iterations.csv
blade4_naca63012,40,450,1.30148506,1.11000371,-0.309722753,0.0011786239,0.000384316,iteration_logs/blade4_naca63012_alpha_+40_iterations.csv
blade5_naca0009,0,450,-3.28341565e-05,0.0179774181,2.98033851e-06,2.5111917e-05,1.6759759e-05,iteration_logs/blade5_naca0009_alpha_+0_iterations.csv
blade5_naca0009,-40,450,-1.16641886,0.960153832,0.268062897,0.0014987671,0.00034180843,iteration_logs/blade5_naca0009_alpha_-40_iterations.csv
blade5_naca0009,-35,450,-1.39609803,1.00651379,0.335814948,0.00085959174,0.00040234738,iteration_logs/blade5_naca0009_alpha_-35_iterations.csv
blade5_naca0009,-30,450,-1.63675751,0.916662751,0.269186577,0.00077130089,0.00024032182,iteration_logs/blade5_naca0009_alpha_-30_iterations.csv
blade5_naca0009,-25,450,-1.68903719,0.748283444,0.217146574,0.00067770598,0.00023439805,iteration_logs/blade5_naca0009_alpha_-25_iterations.csv
blade5_naca0009,-20,450,-1.05252117,0.370486018,0.0526470831,0.043656551,0.0047358221,iteration_logs/blade5_naca0009_alpha_-20_iterations.csv
blade5_naca0009,-15,450,-0.907647804,0.260705512,0.0653975049,0.043128256,0.0072396544,iteration_logs/blade5_naca0009_alpha_-15_iterations.csv
blade5_naca0009,-10,450,-1.01869691,0.239860491,0.239537993,0.013467942,0.0013816478,iteration_logs/blade5_naca0009_alpha_-10_iterations.csv
blade5_naca0009,-5,450,-0.448482136,0.0252170892,-0.0150319392,7.4144089e-05,4.667392e-05,iteration_logs/blade5_naca0009_alpha_-5_iterations.csv
blade5_naca0009,5,450,0.448517742,0.0252162729,0.0150210584,7.9494954e-05,4.6831307e-05,iteration_logs/blade5_naca0009_alpha_+5_iterations.csv
blade5_naca0009,10,450,0.913371785,0.2226814,-0.196594741,0.014394032,0.0015134534,iteration_logs/blade5_naca0009_alpha_+10_iterations.csv
blade5_naca0009,15,450,0.88229233,0.246503955,-0.0464256638,0.046863825,0.0072161403,iteration_logs/blade5_naca0009_alpha_+15_iterations.csv
blade5_naca0009,20,450,1.06077234,0.37295512,-0.0550956907,0.045338213,0.0047235142,iteration_logs/blade5_naca0009_alpha_+20_iterations.csv
blade5_naca0009,25,450,1.68900197,0.748274847,-0.217030303,0.00069483324,0.00023434877,iteration_logs/blade5_naca0009_alpha_+25_iterations.csv
blade5_naca0009,30,450,1.63778931,0.917561555,-0.269742362,0.00079701917,0.00024070414,iteration_logs/blade5_naca0009_alpha_+30_iterations.csv
blade5_naca0009,35,450,1.41414908,1.01810986,-0.344440855,0.00071437398,0.00038502889,iteration_logs/blade5_naca0009_alpha_+35_iterations.csv
blade5_naca0009,40,450,1.19313622,0.979429845,-0.273597772,0.0015230804,0.00035516268,iteration_logs/blade5_naca0009_alpha_+40_iterations.csv
