alpha_deg,Cl,Cd,Cm
-40,-1.166419,0.960154,0.268063
-35,-1.396098,1.006514,0.335815
-30,-1.636758,0.916663,0.269187
-25,-1.689037,0.748283,0.217147
-20,-1.052521,0.370486,0.052647
-15,-0.907648,0.260706,0.065398
-10,-1.018697,0.239860,0.239538
-5,-0.448482,0.025217,-0.015032
0,-0.000033,0.017977,0.000003
5,0.448518,0.025216,0.015021
10,0.913372,0.222681,-0.196595
15,0.882292,0.246504,-0.046426
20,1.060772,0.372955,-0.055096
25,1.689002,0.748275,-0.217030
30,1.637789,0.917562,-0.269742
35,1.414149,1.018110,-0.344441
40,1.193136,0.979430,-0.273598
