iteration,Cd,Cd_front,Cd_rear,Cl,Cl_front,Cl_rear,Cm,res_Ux,res_Uz,res_p,res_k,res_omega,continuity_error
10,-0.426289214,-0.213144607,-0.213144607,-0.770820078,0.328442525,-1.0992626,0.713852564,0.061063904,0.021153931,0.39456122,0.0027599896,0.00086780814,0.77764906
20,0.00226588458,0.00113294229,0.00113294229,0.511772791,0.398259853,0.113512939,0.142373457,0.015146328,0.0071799336,0.2997544,0.0020585556,0.00049890984,0.36180091
30,0.211050587,0.105525293,0.105525293,1.0451601,0.542213376,0.502946725,0.0196333254,0.0062990646,0.0041685915,0.26689307,0.0017270906,0.00029176713,0.15657629
40,0.146071227,0.0730356137,0.0730356137,0.989248185,0.547516317,0.441731868,0.0528922244,0.0044293308,0.0034766966,0.18432849,0.0015652633,0.00025665368,0.074367403
50,0.176312347,0.0881561734,0.0881561734,1.1182785,0.581027715,0.537250782,0.0218884666,0.0036175461,0.0032656358,0.11977945,0.0012952354,0.00022521523,0.048094294
60,0.19500277,0.0975013849,0.0975013849,1.19809756,0.607850507,0.590247053,0.00880172688,0.0030730946,0.0029742821,0.07359697,0.0010823802,0.00020616769,0.033708117
70,0.212110747,0.106055374,0.106055374,1.26154659,0.635418221,0.626128372,0.00464492433,0.0027863657,0.0027405105,0.047975017,0.00098047962,0.00021588374,0.02289665
80,0.227825589,0.113912795,0.113912795,1.3101109,0.661666394,0.648444507,0.00661094344,0.0026436657,0.0026146309,0.035206922,0.0009890925,0.00023908895,0.023664906
90,0.244104973,0.122052487,0.122052487,1.36024609,0.687895239,0.672350855,0.00777219158,0.0025426342,0.0026879789,0.030043025,0.001019438,0.00026615167,0.018604429
100,0.251191877,0.125595939,0.125595939,1.38867197,0.714697432,0.673974541,0.0203614453,0.0024341914,0.0028841445,0.030616503,0.0011201493,0.00029229087,0.024439403
110,0.244378939,0.12218947,0.12218947,1.35922985,0.729651199,0.629578655,0.0500362721,0.0023303092,0.0031101025,0.035394359,0.0012751237,0.00032191969,0.021609075
120,0.29234856,0.14617428,0.14617428,1.48606258,0.744394233,0.741668345,0.001362944,0.0021676639,0.0031375219,0.040584355,0.0013131761,0.00032981964,0.026251782
130,0.329548827,0.164774413,0.164774413,1.56517752,0.75899571,0.806181813,-0.0235930512,0.0019740244,0.0032810784,0.035206399,0.0012585421,0.00031342194,0.02520342
140,0.351566676,0.175783338,0.175783338,1.6004237,0.76150147,0.83892223,-0.0387103801,0.0019355757,0.0034909637,0.034281662,0.0012163353,0.00030668935,0.029436583
150,0.359470039,0.17973502,0.17973502,1.58809327,0.750618378,0.837474896,-0.043428259,0.0019475119,0.0039418822,0.035010464,0.0013743599,0.00032055553,0.03173921
160,0.347921759,0.17396088,0.17396088,1.49441162,0.746499209,0.747912413,-0.000706601874,0.0019096954,0.0046251039,0.035228336,0.0014878775,0.00034355104,0.037810666
170,0.33626071,0.168130355,0.168130355,1.35644559,0.735222744,0.621222845,0.0569999495,0.0020808137,0.005629422,0.040080458,0.0015790199,0.00036455019,0.026878049
180,0.375005917,0.187502959,0.187502959,1.42577571,0.723929823,0.701845889,0.0110419668,0.0022717569,0.0065453797,0.047134748,0.0017687564,0.00039336526,0.05353633
190,0.417981078,0.208990539,0.208990539,1.5397117,0.717177108,0.822534595,-0.0526787434,0.0025252241,0.0077623085,0.049029628,0.0017784442,0.00037664262,0.04621092
200,0.390096129,0.195048064,0.195048064,1.43542274,0.66621931,0.769203428,-0.0514920589,0.0025009168,0.0079424541,0.039230859,0.0019564609,0.00040010563,0.020370641
210,0.355523232,0.177761616,0.177761616,1.33166984,0.616479157,0.715190682,-0.0493557624,0.002357071,0.0082623729,0.036090918,0.0021828079,0.00040005244,0.030425182
220,0.388303227,0.194151614,0.194151614,1.36813835,0.61792912,0.750209233,-0.0661400569,0.0022548522,0.008425876,0.030989169,0.0020556445,0.00035459496,0.032451546
230,0.45064719,0.225323595,0.225323595,1.45340478,0.626481002,0.826923779,-0.100221388,0.0021090511,0.0085029776,0.02556242,0.0018726897,0.00031645462,0.030554656
240,0.517006458,0.258503229,0.258503229,1.54603751,0.629036977,0.917000528,-0.143981776,0.0018003551,0.0077905027,0.01937529,0.0017950792,0.0002938219,0.024816316
250,0.563115076,0.281557538,0.281557538,1.61432576,0.624693008,0.989632754,-0.182469873,0.0014371254,0.0074948118,0.015713919,0.0017273357,0.00029263015,0.020228895
260,0.561066454,0.280533227,0.280533227,1.61101307,0.606638235,1.00437484,-0.198868302,0.0012971683,0.008263535,0.013652795,0.0016957754,0.00030886506,0.015029881
270,0.500417361,0.250208681,0.250208681,1.51528066,0.57645747,0.938823194,-0.181182862,0.0013091764,0.0083695313,0.015178042,0.001821494,0.00033653472,0.013531286
280,0.392633689,0.196316845,0.196316845,1.33892735,0.53498696,0.803940388,-0.134476714,0.0014312285,0.0089521614,0.018953334,0.0019538701,0.00036757495,0.01406454
290,0.339290387,0.169645193,0.169645193,1.24890155,0.511664471,0.737237081,-0.112786305,0.0015583923,0.0099736865,0.019007671,0.0019671511,0.00037382402,0.025740923
300,0.352094075,0.176047038,0.176047038,1.24337787,0.495123242,0.748254633,-0.126565695,0.0014706823,0.010698882,0.019864615,0.0019678462,0.00035708727,0.024221617
310,0.409653322,0.204826661,0.204826661,1.29861756,0.48575737,0.812860194,-0.163551412,0.001402848,0.010637919,0.018506519,0.0018412787,0.00034578558,0.017284114
320,0.465196992,0.232598496,0.232598496,1.32620437,0.466779238,0.859425132,-0.196322947,0.0013738136,0.0092471344,0.01658126,0.0017358984,0.0003368336,0.023521841
330,0.49793103,0.248965515,0.248965515,1.25946557,0.426148493,0.833317076,-0.203584291,0.0014607469,0.0078718269,0.016872776,0.0016952917,0.00035180219,0.025694251
340,0.55859896,0.27929948,0.27929948,1.16835125,0.350810986,0.817540261,-0.233364638,0.0017438352,0.0075711176,0.019806108,0.0018450905,0.00038858648,0.026603726
350,0.678173506,0.339086753,0.339086753,1.19753692,0.250768545,0.946768374,-0.347999915,0.0020320451,0.0084156531,0.024312335,0.0021181915,0.00043654066,0.040249362
360,0.770055671,0.385027836,0.385027836,1.19904538,0.142804734,1.05624064,-0.456717954,0.0028403269,0.010733776,0.032093968,0.0026331499,0.00044455378,0.053211107
370,0.793722963,0.396861482,0.396861482,1.12809244,0.0931636124,1.03492883,-0.470882607,0.004374414,0.0158036,0.040577735,0.0044306949,0.00047873145,0.077383655
380,0.629741802,0.314870901,0.314870901,0.825782699,0.0920653993,0.7337173,-0.32082595,0.0061634927,0.020896666,0.055236826,0.0062007136,0.00051262645,0.084484253
390,0.298485658,0.149242829,0.149242829,0.278936126,0.0807341559,0.19820197,-0.058733907,0.0075492374,0.023974827,0.091013665,0.0049587097,0.00051205121,0.16355212
400,0.0516566262,0.0258283131,0.0258283131,-0.0665191957,0.0838924972,-0.150411693,0.117152095,0.0092244165,0.025334505,0.15350259,0.0044499661,0.00055479653,0.096135749
410,-0.018577334,-0.00928866702,-0.00928866702,-0.0569732821,0.11482048,-0.171793762,0.143307121,0.010681742,0.027876599,0.23968612,0.0046388179,0.00061526158,0.11681202
420,0.119595021,0.0597975103,0.0597975103,0.326507666,0.165494416,0.16101325,0.00224058292,0.011312931,0.029796468,0.2355747,0.0044841069,0.00067297062,0.16032151
430,0.327040877,0.163520439,0.163520439,0.743038581,0.198169746,0.544868835,-0.173349544,0.011701402,0.029734281,0.17575455,0.0042208263,0.00068134236,0.21608807
440,0.384724438,0.192362219,0.192362219,0.783381351,0.212849513,0.570531838,-0.178841163,0.012430937,0.031671254,0.17281659,0.0045593466,0.00066784763,0.24287719
450,0.445388086,0.222694043,0.222694043,0.831312312,0.207808776,0.623503536,-0.20784738,0.012534309,0.032965294,0.29544209,0.0045132646,0.00062544759,0.1593931
